Transaction Hash,Status,Method,Blockno,DateTime (UTC),From,From_Nametag,To,To_Nametag,Amount,Value (USD),Txn Fee
"0xbb648a03fc614b52a9be3fb315e75bb30f5c7f60b1e2013b696bfd6b63156887","Success","Approve","39045316","2025-12-04 20:26:19","0x596dd75c156aabbe48167248aaf8f6d1c756ef8e","","0x17ed54b0526a9834b4fd14e8b51c5255e465e75a","","0 ETH","$0.00","0.00000003"
"0x705e29f9741cab23d30b1698fbf882c53a7d44510e5e3245ff3d804541a32a53","Success","Deposit","39043250","2025-12-04 19:17:27","0x465de00594376d008e5fe91017fce4e346ac3365","akattack16.base.eth","0x17ed54b0526a9834b4fd14e8b51c5255e465e75a","","0 ETH","$0.00","0.00000087"
"0x35f1ba4b8f1888327b0e179877e59235a2e75d14d7aeeb0afc73604dc89b745d","Success","Approve","39038476","2025-12-04 16:38:19","0x6a0144b150c2ccd8e2d488b103209f6b0a09d7f1","","0x17ed54b0526a9834b4fd14e8b51c5255e465e75a","","0 ETH","$0.00","0.00000013"
"0x7f730eeef0edbfe4a24ae798b74424cb378ce14825347046e14cd9a192474324","Success","Deposit","39021919","2025-12-04 07:26:25","0xc7cbf4f64fdb0eb40499894eef7c22407bcb31e1","baejaw.base.eth","0x17ed54b0526a9834b4fd14e8b51c5255e465e75a","","0 ETH","$0.00","0.00000026"
"0x94266ad461cbde145264922f0c2e58f5d05175a8b06e823c07911a21b9920e1b","Success","Deposit","39004238","2025-12-03 21:37:03","0xa7449cbbfc1a9233b30041182c049ad925d42c89","","0x17ed54b0526a9834b4fd14e8b51c5255e465e75a","","0 ETH","$0.00","0.00000026"
"0xbb439e1ab6df152f54d539efcd6d0c28d2272e79805d11d204159712c85dc9ff","Success","Deposit","38991885","2025-12-03 14:45:17","0x384c092e96f042a223778a82e8e09bb2b49ec921","","0x17ed54b0526a9834b4fd14e8b51c5255e465e75a","","0 ETH","$0.00","0.00000382"
"0x22d519442830c11ab34d062ace62b83e4ed5db74246286a54b85e26203e69c2a","Success","Deposit","38960717","2025-12-02 21:26:21","0x7013ec3ad66fb8cd09dd172d0ca231d6e6f3baab","","0x17ed54b0526a9834b4fd14e8b51c5255e465e75a","","0 ETH","$0.00","0.00000013"
"0xf113182c9c74da2dbe253d63192f9e1cd68c83899dfd3848637b4b985b70211c","Success","Approve","38955375","2025-12-02 18:28:17","0x596dd75c156aabbe48167248aaf8f6d1c756ef8e","","0x17ed54b0526a9834b4fd14e8b51c5255e465e75a","","0 ETH","$0.00","0.00000005"
"0xa91ab301878a4f70ae85a82bdbdd4aa8b38c7bf467b473006adc1f2d9d4c138b","Success","Approve","38955114","2025-12-02 18:19:35","0x596dd75c156aabbe48167248aaf8f6d1c756ef8e","","0x17ed54b0526a9834b4fd14e8b51c5255e465e75a","","0 ETH","$0.00","0.00000008"
"0x7761d68e8c925a9cfc9ada690242d81082ab1ee7f45d320e9f4cd0013f261623","Success","Deposit","38948222","2025-12-02 14:29:51","0xa65fd1d3f9754c7d638faa0fc8fa446a293adeb7","tarifkhan801.base.eth","0x17ed54b0526a9834b4fd14e8b51c5255e465e75a","","0 ETH","$0.00","0.00000201"
"0x6846e3318cd78804ccfcfe01cad99a17ccaefb9060383e0bb80868d2450f3846","Success","Deposit","38939729","2025-12-02 09:46:45","0x6a0144b150c2ccd8e2d488b103209f6b0a09d7f1","","0x17ed54b0526a9834b4fd14e8b51c5255e465e75a","","0 ETH","$0.00","0.00000025"
"0x7b2827b680a435a61551e040dbf5510d6cccd3c93d2ad089da42bd7e957f9302","Success","Deposit","38909800","2025-12-01 17:09:07","0x7013ec3ad66fb8cd09dd172d0ca231d6e6f3baab","","0x17ed54b0526a9834b4fd14e8b51c5255e465e75a","","0 ETH","$0.00","0.00000027"
"0xcd3dc6253d83bbe07fe86115ce39ecd244d0e7b7259b450339fc3453638c9039","Success","Deposit","38904620","2025-12-01 14:16:27","0x465de00594376d008e5fe91017fce4e346ac3365","akattack16.base.eth","0x17ed54b0526a9834b4fd14e8b51c5255e465e75a","","0 ETH","$0.00","0.00000039"
"0x5eea0b0bf4b51f75609c6cfd8ef8f85fa4cb8153c046d3413aafb7d74f265fe1","Success","Deposit","38895060","2025-12-01 08:57:47","0xd9b841a0fbc4d68353759d37a2bb87f514f15041","stepan2502.base.eth","0x17ed54b0526a9834b4fd14e8b51c5255e465e75a","","0 ETH","$0.00","0.00000001"
"0xd68103078dcbbe4c3b5af3d92e127eea7d78cbcdfe070444e5f2f195acf3dc66","Success","Deposit","38851015","2025-11-30 08:29:37","0x8b04def86136f6d646c680fc5a5721fedcd1422b","","0x17ed54b0526a9834b4fd14e8b51c5255e465e75a","","0 ETH","$0.00","0.00000016"
"0xa00090f61b3ba4641560bcdf8ea4e2e3c435668a995993cea2493f291aac0e80","Success","Deposit","38831248","2025-11-29 21:30:43","0x04d165d253cb177e6acaeefbe810ed5bb43ee4ab","diego2vanik.base.eth","0x17ed54b0526a9834b4fd14e8b51c5255e465e75a","","0 ETH","$0.00","0.00000022"
"0x7048419463cf50d7d496cfea6adeee881c48aa68cafc4da280d397a2daebc694","Success","Deposit","38825068","2025-11-29 18:04:43","0x465de00594376d008e5fe91017fce4e346ac3365","akattack16.base.eth","0x17ed54b0526a9834b4fd14e8b51c5255e465e75a","","0 ETH","$0.00","0.00000042"
"0xe5b257b0c82b5ed49c6af23e7546d9d7cd940721497d5bce3e9cc350c2759533","Txn Receipt status fail","Deposit","38824351","2025-11-29 17:40:49","0x6dcd11298b99a8e515070cbece6f2e09540078b6","","0x17ed54b0526a9834b4fd14e8b51c5255e465e75a","","0 ETH","$0.00","0.00000003"
"0x39411522b22387de3fbbbfdd895c9ab6cd97258f47142a98198226b4e76ea0c0","Txn Receipt status fail","Deposit","38824331","2025-11-29 17:40:09","0x6dcd11298b99a8e515070cbece6f2e09540078b6","","0x17ed54b0526a9834b4fd14e8b51c5255e465e75a","","0 ETH","$0.00","0.00000003"
"0x3262778ea1bc0bd9b7a487795b1fcc37285026d5a212d9d6ed72c1c67f386e1d","Success","Approve","38822334","2025-11-29 16:33:35","0x803b34733d802f02e84b87a770f8629987339520","","0x17ed54b0526a9834b4fd14e8b51c5255e465e75a","","0 ETH","$0.00","0.00000005"
"0x5e1ecc048ec041eb2e3b0c0b085a7d81ff78a17a4ecbcca54067c92d76d7a855","Success","Approve","38818395","2025-11-29 14:22:17","0x78a9bc1eaae4f88cb94e2235ac8ce05fb345e841","s000s.base.eth","0x17ed54b0526a9834b4fd14e8b51c5255e465e75a","","0 ETH","$0.00","0.00000003"
"0xea3d26a5b656815034b13205e0b2ec27ae149eb9808ffb773f974bcaf4ce6eea","Success","Deposit","38817995","2025-11-29 14:08:57","0x78a9bc1eaae4f88cb94e2235ac8ce05fb345e841","s000s.base.eth","0x17ed54b0526a9834b4fd14e8b51c5255e465e75a","","0 ETH","$0.00","0.00000007"
"0xfe676bdc99dd829f1d07b1a39a4641089a72a4f525ad59c15d35f81499410093","Success","Approve","38753973","2025-11-28 02:34:53","0x2e78788272cf4086363d09e3531525b8a5d07b90","aradzademan.base.eth","0x17ed54b0526a9834b4fd14e8b51c5255e465e75a","","0 ETH","$0.00","0.00000005"
"0x893516c72bfa5d398d4f429ddebe5d2a65da66c9e8813df46e76509db33eb9ff","Success","Deposit","38750622","2025-11-28 00:43:11","0xd6d3b97124f55f2cc246d6237689272c9f35a84d","","0x17ed54b0526a9834b4fd14e8b51c5255e465e75a","","0 ETH","$0.00","0.00000027"
"0x3a8be62dd07ab3e17cc236099e588e37b19f4618f0d942bfd905d1992c0dba60","Success","Deposit","38743395","2025-11-27 20:42:17","0x3026a15027d1a2b6ea26b6fdfa87a36ad9254787","","0x17ed54b0526a9834b4fd14e8b51c5255e465e75a","","0 ETH","$0.00","0.00000016"
"0x674af0c113b9bed8243bc409cd330536306d7cf19010a78b23d0758aaa0b58ff","Success","Deposit","38743194","2025-11-27 20:35:35","0x3026a15027d1a2b6ea26b6fdfa87a36ad9254787","","0x17ed54b0526a9834b4fd14e8b51c5255e465e75a","","0 ETH","$0.00","0.00000018"
"0x01a8a58a37d950b3505a080663b179c1131883b3d4b09f5fb28d9f8111f2fc22","Success","Approve","38692761","2025-11-26 16:34:29","0xd780e089ebe33d4cdc4662ca3a2113bda96c8f16","","0x17ed54b0526a9834b4fd14e8b51c5255e465e75a","","0 ETH","$0.00","0.00000032"
"0x53702c41792d2bc9f8f2e6cef8cb6772a17bd6bcbd9d5a4d51679437e4a9973c","Success","Deposit","38684317","2025-11-26 11:53:01","0xb48447a7a99075d3b675463d4c82131f24876763","beatgun.base.eth","0x17ed54b0526a9834b4fd14e8b51c5255e465e75a","","0 ETH","$0.00","0.00000019"
"0xf7a28a8bac42293cb07bef9c5621062a3458c9f5ebfd8efed85446278af24ca2","Success","Deposit","38668573","2025-11-26 03:08:13","0xe4321f0aa947479a2ad94dbff687a9c260c1a70f","siasu.base.eth","0x17ed54b0526a9834b4fd14e8b51c5255e465e75a","","0 ETH","$0.00","0.00000016"
"0x668ffcf84838ec191252dbebc0147465febe960305b4a361908308929c62d675","Success","Approve","38653314","2025-11-25 18:39:35","0xb626792a706e62263fe08b828c2f90ad4ef34601","","0x17ed54b0526a9834b4fd14e8b51c5255e465e75a","","0 ETH","$0.00","0.00000018"
"0xa49dc991ab8274fab3595346872979970ef65757434a0e60a113f916fbee26bc","Success","Deposit","38653281","2025-11-25 18:38:29","0xb626792a706e62263fe08b828c2f90ad4ef34601","","0x17ed54b0526a9834b4fd14e8b51c5255e465e75a","","0 ETH","$0.00","0.00000036"
"0x2f9e6881b41c4754c7fc56096758e339b31560f408aa5e52291c65fb1a3bb73f","Success","Deposit","38483746","2025-11-21 20:27:19","0x803b34733d802f02e84b87a770f8629987339520","","0x17ed54b0526a9834b4fd14e8b51c5255e465e75a","","0 ETH","$0.00","0.00000041"
"0xbb357aed74d8abac06049141cf45eab4931aa20ddea130be1b9227145406cab3","Success","Deposit","38466260","2025-11-21 10:44:27","0x836996b0c261673b58fc1d2c7fcc606606fddfd5","luckyzero.base.eth","0x17ed54b0526a9834b4fd14e8b51c5255e465e75a","","0 ETH","$0.00","0.0000011"
"0xe4aad24742ac3d88816361c1bddaa7d64a9f1e3fa6d690ccf9092526d7f794b3","Success","Approve","38341381","2025-11-18 13:21:49","0x3ff67687267fc4db34fef920b46a9235d7fa1648","","0x17ed54b0526a9834b4fd14e8b51c5255e465e75a","","0 ETH","$0.00","0.00000001"
"0x170d3c6fbb92aa06e6ffac03c73af77658a4039032302a34e23f85dd678b4cdd","Txn Receipt status fail","Deposit","38338225","2025-11-18 11:36:37","0x62b5acb278411795a9deac52f5d6cba7941ae71b","abrantiesmiley.base.eth","0x17ed54b0526a9834b4fd14e8b51c5255e465e75a","","0 ETH","$0.00","0.00000002"
"0x3e5daa7c0ab2d218d7a68b4ffe1c2b0d5d11d8332f1f85b05baac654860b79b8","Success","Deposit","38251000","2025-11-16 11:09:07","0x371ad3a9cb1b612b3c5a58cd9c59b71d7468ae9a","bleentopmain.base.eth","0x17ed54b0526a9834b4fd14e8b51c5255e465e75a","","0 ETH","$0.00","0.00000021"
"0x1bdebe41fb181004f83a8b56e71be6cfe216ca5f3fa87ed169f95fd449fee127","Success","Deposit","38224481","2025-11-15 20:25:09","0x803b34733d802f02e84b87a770f8629987339520","","0x17ed54b0526a9834b4fd14e8b51c5255e465e75a","","0 ETH","$0.00","0.0000002"
"0x444061553e0e0fcd536e8f2cc3d3a2058b954f9c96762f463dc73d7984d63017","Txn Receipt status fail","Deposit","38222961","2025-11-15 19:34:29","0x37ef5b34a9a6a4b25441de144c611ad15dc08f69","","0x17ed54b0526a9834b4fd14e8b51c5255e465e75a","","0 ETH","$0.00","0.0000001"
"0x6b82977f99397333b796a70a6bcfd3b056495e71bb48f1f74629090d84d02126","Txn Receipt status fail","Deposit","38220909","2025-11-15 18:26:05","0x6dcd11298b99a8e515070cbece6f2e09540078b6","","0x17ed54b0526a9834b4fd14e8b51c5255e465e75a","","0 ETH","$0.00","0.00000007"
"0x022ea1344a0e7e23b05344c0f4ef780004d550169a71ed9e227ff7d6bd9befff","Success","Approve","37821620","2025-11-06 12:36:27","0x3d46c17d7ac1db5f662c6014b442251b4f07feba","dombasealco.base.eth","0x17ed54b0526a9834b4fd14e8b51c5255e465e75a","","0 ETH","$0.00","0.00000046"
"0xb4e53d747a7b31e4d0a02767ea4eecd17f559f8958ab58724960430c2f605d58","Success","Deposit","37821572","2025-11-06 12:34:51","0x3d46c17d7ac1db5f662c6014b442251b4f07feba","dombasealco.base.eth","0x17ed54b0526a9834b4fd14e8b51c5255e465e75a","","0 ETH","$0.00","0.00000116"
"0x3b7afd8e8d9648841e36aa806e610adf429a76453906487156a1554a58883188","Success","Deposit","37662562","2025-11-02 20:14:31","0x78a9bc1eaae4f88cb94e2235ac8ce05fb345e841","s000s.base.eth","0x17ed54b0526a9834b4fd14e8b51c5255e465e75a","","0 ETH","$0.00","0.00000034"
"0xdb140f2c8686cbb889c68a15eb5238f86e75e8878e6843ae6f6129bfd9fcf451","Success","Deposit","37658829","2025-11-02 18:10:05","0x785a7798379c2b21509d34352d0b80997fd0d7f0","l0l0l.base.eth","0x17ed54b0526a9834b4fd14e8b51c5255e465e75a","","0 ETH","$0.00","0.00000043"
"0xd7fd4945543c326f903d1fdf66b0dac18c6a4fb786174bb6d0a0264020ce91e6","Success","Deposit","37643734","2025-11-02 09:46:55","0x9888c145d491e6d74c9a33e2068cdd368a8af16b","lordkamiya.base.eth","0x17ed54b0526a9834b4fd14e8b51c5255e465e75a","","0 ETH","$0.00","0.00000085"
"0xb66f70a7cef5fa353666be270b6e25fda65554937207db821ec56bcb0eaefb00","Success","Deposit","37638544","2025-11-02 06:53:55","0x2e78788272cf4086363d09e3531525b8a5d07b90","aradzademan.base.eth","0x17ed54b0526a9834b4fd14e8b51c5255e465e75a","","0 ETH","$0.00","0.0000009"
"0x03c8b0cf378f78513ad18cd10f594ce26b3ea4a3cd3d29e1b231a1a212c78e3c","Success","Deposit","37591194","2025-11-01 04:35:35","0x72542833bb793742b8257a5ff6558dcdf7f24d71","","0x17ed54b0526a9834b4fd14e8b51c5255e465e75a","","0 ETH","$0.00","0.00000172"
"0x3ba96fedff0fb5e6a4969cf34e31c647c1af5ea85cfc36d4bd098034b0c557e8","Success","Deposit","37565970","2025-10-31 14:34:47","0x8fd7b2f90c80e848f1242392f458ea5f57b53570","tolak.base.eth","0x17ed54b0526a9834b4fd14e8b51c5255e465e75a","","0 ETH","$0.00","0.00000308"
"0xae2b4c68705d74a024efb3a60eca92ad2ca401543d203b0c8f3fbbb5eae9bdde","Txn Receipt status fail","Deposit","37554043","2025-10-31 07:57:13","0x71ea689c1ec70970cd9b18b38dfadd3161d3e23b","","0x17ed54b0526a9834b4fd14e8b51c5255e465e75a","","0 ETH","$0.00","0.00000088"
"0x4b84e8d5dcae1e8a664f24c33c7b68829264abf36d27c65bb9f81248ac2e5b24","Success","Deposit","37516915","2025-10-30 11:19:37","0x90552ca53592dfa96c887400ddab964b2824ff02","babyfivezone.base.eth","0x17ed54b0526a9834b4fd14e8b51c5255e465e75a","","0 ETH","$0.00","0.00000177"
"0x845fdb91405b35727ca85b62aea08a3b6e2ef95a18cb04d3e025950afe8abc8d","Success","Deposit","37478609","2025-10-29 14:02:45","0x04ca5b4ffc26c8c554c83dadfe7a8d2ef9bf5560","0xmaa.base.eth","0x17ed54b0526a9834b4fd14e8b51c5255e465e75a","","0 ETH","$0.00","0.00000236"