Address,Amount (cbBTC),Transaction Hash,Basescan URL,Status
0x7013EC3aD66fB8CD09dD172D0CA231D6E6F3Baab,0.00116039,0xb7267f7552ed721c41bf20e3906d86fe32a28eed04f94d1d114315f2a495d09e,https://basescan.org/tx/0xb7267f7552ed721c41bf20e3906d86fe32a28eed04f94d1d114315f2a495d09e,SUCCESS
0x465dE00594376d008E5fE91017fcE4E346Ac3365,0.00075670,0x3307971978b75844153d08fe7332ff622cf99775cc2a4b45a538aa8dba42eb47,https://basescan.org/tx/0x3307971978b75844153d08fe7332ff622cf99775cc2a4b45a538aa8dba42eb47,SUCCESS
0xD6d3b97124F55f2cC246D6237689272C9f35A84d,0.00050000,0xdb7c6879687484ebdc363155f5c7218aecc093404bda9b0d47cf2d2f102820c3,https://basescan.org/tx/0xdb7c6879687484ebdc363155f5c7218aecc093404bda9b0d47cf2d2f102820c3,SUCCESS
0x384C092e96F042a223778A82E8E09bB2B49EC921,0.00026551,0x30d6c18a7156a6dee61ba8f9f2ddc99391ec2aa9a653419f5ea570dcf7f7e965,https://basescan.org/tx/0x30d6c18a7156a6dee61ba8f9f2ddc99391ec2aa9a653419f5ea570dcf7f7e965,SUCCESS
0x8B04dEF86136F6D646c680fc5a5721Fedcd1422b,0.00025304,0xc6f008d5e12c4848fae8ff6e9d4cb14af192a81cf09f9cfe38fd35c154eae8ea,https://basescan.org/tx/0xc6f008d5e12c4848fae8ff6e9d4cb14af192a81cf09f9cfe38fd35c154eae8ea,SUCCESS
0xA7449cbBfc1A9233b30041182c049ad925D42C89,0.00004242,0x2a1016714913ace34f88a49d1a4c9f1524d1a97ffb7f9213e36dae24b9aff5c3,https://basescan.org/tx/0x2a1016714913ace34f88a49d1a4c9f1524d1a97ffb7f9213e36dae24b9aff5c3,SUCCESS
0x04D165D253CB177E6ACAEefbe810eD5bb43eE4ab,0.00002672,0xfbd3267b17d5b6a2824349dd8d668d9494f193dea3dd081b5097e9fc8f10fcd3,https://basescan.org/tx/0xfbd3267b17d5b6a2824349dd8d668d9494f193dea3dd081b5097e9fc8f10fcd3,SUCCESS
0x803B34733D802F02e84B87A770F8629987339520,0.00001401,0xe56dd2fef53f52e181ef5d8a5cf3c82c3b666e2105fe7567bc088be297d49c9d,https://basescan.org/tx/0xe56dd2fef53f52e181ef5d8a5cf3c82c3b666e2105fe7567bc088be297d49c9d,SUCCESS
0xC7CBF4f64FDb0eb40499894eef7C22407BCb31e1,0.00001400,0xca2b6f6c659a3e37c504181ad42c1c8c44f8154ea2f05b633f46d5592eb42f4c,https://basescan.org/tx/0xca2b6f6c659a3e37c504181ad42c1c8c44f8154ea2f05b633f46d5592eb42f4c,SUCCESS
0x6a0144b150C2ccD8e2D488B103209f6B0a09D7f1,0.00001393,0x0e30c4c97b1dbf4825f046859f91216496adc5eb06eaf65196352c9a414ab968,https://basescan.org/tx/0x0e30c4c97b1dbf4825f046859f91216496adc5eb06eaf65196352c9a414ab968,SUCCESS
0xa65FD1D3F9754c7d638faA0FC8fa446a293adeb7,0.00001354,0xe7d825ccb10620350e9aa69ae656487c62a8598f5a14fca6abbff127c30ffe01,https://basescan.org/tx/0xe7d825ccb10620350e9aa69ae656487c62a8598f5a14fca6abbff127c30ffe01,SUCCESS
0x78a9bC1eaae4f88cB94e2235AC8ce05Fb345E841,0.00001244,0x8486421654984f8715f56000f6b80eb734279ed34989937835fde7da1db7f181,https://basescan.org/tx/0x8486421654984f8715f56000f6b80eb734279ed34989937835fde7da1db7f181,SUCCESS
0x9888c145D491E6d74C9a33E2068cDD368A8af16b,0.00001998,0x094e3108aac2db1d834d7afa26e6745bf2b03b6507abd891cfc64c7680d87544,https://basescan.org/tx/0x094e3108aac2db1d834d7afa26e6745bf2b03b6507abd891cfc64c7680d87544,SUCCESS
0x785a7798379C2B21509D34352d0B80997fD0d7f0,0.00000960,0xaf5acc52dc2847e036e5ff80bb44b95dfc0a5e21050b88fcd2ace6afa5672796,https://basescan.org/tx/0xaf5acc52dc2847e036e5ff80bb44b95dfc0a5e21050b88fcd2ace6afa5672796,SUCCESS
0x3026a15027d1A2b6ea26b6FDFa87A36ad9254787,0.00000721,0x36d4b2762a6506b259ce6c8a8dec9dd8463559302202af17bef3831dfd033db6,https://basescan.org/tx/0x36d4b2762a6506b259ce6c8a8dec9dd8463559302202af17bef3831dfd033db6,SUCCESS
0xB48447a7A99075D3B675463d4c82131F24876763,0.00000600,0x7ee8d9e7d61f3b694f6eb731dc094a1b27df1637d26c2ddbd8d8daf18b603535,https://basescan.org/tx/0x7ee8d9e7d61f3b694f6eb731dc094a1b27df1637d26c2ddbd8d8daf18b603535,SUCCESS
0xD9B841a0FBc4d68353759D37a2bb87F514F15041,0.00000542,0x999faaa88375c81deb56a71d20c677632b35bbccd76f5a7f33da9961905344e4,https://basescan.org/tx/0x999faaa88375c81deb56a71d20c677632b35bbccd76f5a7f33da9961905344e4,SUCCESS
0xe4321f0aa947479a2aD94DBff687a9c260c1a70f,0.00000340,0xd7b41dc1001474269943b745c250ba6468992014368b5a47bf75eae3700af42f,https://basescan.org/tx/0xd7b41dc1001474269943b745c250ba6468992014368b5a47bf75eae3700af42f,SUCCESS
0x3d46C17D7ac1DB5F662C6014B442251b4F07febA,0.00000100,0x517c42bf0d4cbfe640f6e0ba88408d2d5d70102e14c2861fe422e9d1ab3c72ab,https://basescan.org/tx/0x517c42bf0d4cbfe640f6e0ba88408d2d5d70102e14c2861fe422e9d1ab3c72ab,SUCCESS
0x836996b0c261673b58Fc1d2C7FcC606606fddfD5,0.00000026,0x24c41b1571706ed10faca556a66d8e5303b02076330c3a54613659a47a8e8064,https://basescan.org/tx/0x24c41b1571706ed10faca556a66d8e5303b02076330c3a54613659a47a8e8064,SUCCESS
0x371ad3a9cB1b612B3C5A58cd9c59b71D7468aE9a,0.00000020,0x9ae37ae34c8bd900d0d32a90eb982a374c321128e07a4472b6a8f3c73d814db4,https://basescan.org/tx/0x9ae37ae34c8bd900d0d32a90eb982a374c321128e07a4472b6a8f3c73d814db4,SUCCESS
0xb626792a706e62263fe08b828C2f90aD4ef34601,0.00000010,0xe7db6cc6692c378e72d44e9950132d6faadf1d7fcaff5d7f661c60189475a341,https://basescan.org/tx/0xe7db6cc6692c378e72d44e9950132d6faadf1d7fcaff5d7f661c60189475a341,SUCCESS
0x2E78788272cf4086363D09e3531525B8A5d07b90,0.00009150,0x79b421e5247baf78a53448b896e2ef2fbffdb09542a7b656319fd266b3be0d35,https://basescan.org/tx/0x79b421e5247baf78a53448b896e2ef2fbffdb09542a7b656319fd266b3be0d35,SUCCESS
0x72542833bb793742b8257a5ff6558DcdF7F24d71,0.00000010,0x3310bb555cc49f8ecb57c29cc191cec9868ef334128084605e92afa7c23e7429,https://basescan.org/tx/0x3310bb555cc49f8ecb57c29cc191cec9868ef334128084605e92afa7c23e7429,SUCCESS
0x8fD7b2F90C80E848f1242392F458eA5f57b53570,0.00000001,0x3f71cc3ecd99975b65acb454566343ad5892759a77ece6dcb51ab460511bd49c,https://basescan.org/tx/0x3f71cc3ecd99975b65acb454566343ad5892759a77ece6dcb51ab460511bd49c,SUCCESS
0x90552Ca53592DfA96C887400DDAB964B2824FF02,0.00000168,0x16d780501c257c58c381b0702b068160a8fe665b033354d6c6125c1ca96daae4,https://basescan.org/tx/0x16d780501c257c58c381b0702b068160a8fe665b033354d6c6125c1ca96daae4,SUCCESS
0x04CA5B4fFc26C8c554c83DaDfe7A8d2eF9bf5560,0.00000300,0x816b4e3d4eddf02c42e99f4ad1a63e81e7015ae40eac88023e2e02bbe77814b5,https://basescan.org/tx/0x816b4e3d4eddf02c42e99f4ad1a63e81e7015ae40eac88023e2e02bbe77814b5,SUCCESS
